番号,97
名前,세이자
呼び名,세이자

CSTR,0,키진
CSTR,1,세이자
CSTR,3,세이자
CSTR,4,세이자
CSTR,5,키진
CSTR,6,세이자
CSTR,7,세이자
CSTR,8,아마노자쿠
CSTR,99,세이자

基礎,체력,2500
基礎,기력,2500
基礎,정신력,3300

素質,성별,1
素質,성장형,1
素質,음모현재치,1
素質,음모목표치,1
素質,겨드랑이털현재치,1
素質,겨드랑이털목표치,1
素質,성적기호,4
素質,Ｖ조임,750
素質,Ａ조임,850
素質,머리색,0x848484
素質,머리길이,3
素質,체격,0
素質,체형,-1
素質,가슴크기,-1
素質,엉덩이크기,0
素質,반항적,1
素質,프라이드높음,1
素質,거만함,1
素質,선을넘지않음,1
素質,주목받기원함,1
素質,정조관념없음,1
素質,쾌감을부정,1
素質,중독하기쉽다,1
素質,도착적,1
素質,Ｖ둔감,1
素質,Ａ민감,1
素質,애널처녀,1

能力,무투,60
能力,방위,59
能力,지략,68
能力,정치,68
能力,가창,21
能力,요리,20
能力,야심,100
能力,성지식,2
能力,Ｖ감,1
能力,Ａ감,1
能力,Ｂ감,1
能力,Ｍ감,1
能力,성기술,1
能力,노출,1
能力,새드,3
能力,주량,3

経験,키스경험,1
経験,구음경험,3
経験,Ｖ성교경험,1
経験,이상경험,2

相性,98,130
相性,78,120
