番号,68
名前,토키코
呼び名,토키코

CSTR,1,토키코
CSTR,3,토키코
CSTR,4,토키코
CSTR,6,토키코
CSTR,7,토키코
CSTR,8,요괴
CSTR,99,토키코

基礎,체력,2600
基礎,기력,1200
基礎,정신력,1800

素質,성별,1
素質,성장형,6
素質,음모현재치,2
素質,음모목표치,2
素質,겨드랑이털현재치,1
素質,겨드랑이털목표치,1
素質,성적기호,8
素質,Ｖ조임,850
素質,Ａ조임,850
素質,머리색,0x58ACFA
素質,머리길이,4
素質,체격,0
素質,체형,0
素質,가슴크기,-1
素質,엉덩이크기,0
素質,처녀,1
素質,키스미경험,1
素質,꿋꿋함,1
素質,거만함,1
素質,호기심,1
素質,주목받기원함,1
素質,아픔에강함,1
素質,쾌감에솔직,1
素質,Ｂ민감,1
素質,회복빠름,1
素質,애널처녀,1

能力,무투,13
能力,방위,11
能力,지략,26
能力,정치,47
能力,가창,28
能力,요리,15
能力,야심,13
能力,성지식,2
能力,Ｃ감,1
能力,Ｂ감,2
能力,Ｍ감,1
能力,욕망,1
能力,봉사,2
能力,레즈,2
能力,마조,1
能力,주량,3


相性,1,80
相性,2,80
相性,69,80
