番号,131
名前,린
呼び名,린

CSTR,0,사츠키
CSTR,1,린
CSTR,3,린
CSTR,4,린
CSTR,5,사츠키
CSTR,6,린
CSTR,7,린
CSTR,8,요괴
CSTR,99,린

基礎,체력,2500
基礎,기력,1300
基礎,정신력,2500

素質,성별,1
素質,성장형,7
素質,음모현재치,4
素質,음모목표치,4
素質,겨드랑이털현재치,1
素質,겨드랑이털목표치,1
素質,성적기호,11
素質,Ｖ조임,950
素質,Ａ조임,950
素質,머리색,0xFFFF00
素質,머리길이,5
素質,체격,1
素質,체형,-1
素質,가슴크기,-1
素質,엉덩이크기,-1
素質,처녀,1
素質,키스미경험,1
素質,츤데레,1
素質,비관적,1
素質,습득빠름,1
素質,헌신적,1
素質,수수께끼의매력,1
素質,Ｃ둔감,1
素質,폭주가,1
素質,캐릭터구분,2
素質,애널처녀,1

能力,무투,64
能力,방위,56
能力,지략,52
能力,정치,57
能力,가창,26
能力,요리,36
能力,야심,43
能力,성지식,3
能力,Ａ감,1
能力,Ｂ감,1
能力,Ｍ감,2
能力,욕망,2
能力,봉사,1
能力,레즈,2
能力,자위,1
能力,주량,5


相性,1,120
相性,2,120
相性,10,50
相性,11,50
