番号,31
名前,모코우
呼び名,모코우

CSTR,0,후지와라
CSTR,1,모코우
CSTR,3,모코우
CSTR,4,모코우
CSTR,5,후지와라노
CSTR,6,모코우
CSTR,7,모코우
CSTR,8,봉래인
CSTR,99,모코우

基礎,체력,2900
基礎,기력,1500
基礎,정신력,3100

素質,성별,1
素質,성장형,0
素質,음모현재치,2
素質,음모목표치,2
素質,겨드랑이털현재치,1
素質,겨드랑이털목표치,1
素質,성적기호,12
素質,Ｖ조임,750
素質,Ａ조임,850
素質,머리색,0xE6E6E6
素質,머리길이,6
素質,체격,0
素質,체형,0
素質,가슴크기,0
素質,엉덩이크기,0
素質,반항적,1
素質,프라이드높음,1
素質,아픔에강함,1
素質,젖기어려움,1
素質,도착적,1
素質,남성혐오,1
素質,Ｍ기질,1
素質,Ａ민감,1
素質,예쁜엉덩이,1
素質,애널처녀,1

能力,무투,76
能力,방위,58
能力,지략,49
能力,정치,29
能力,가창,9
能力,요리,22
能力,야심,44
能力,성지식,2
能力,Ｃ감,1
能力,Ｖ감,2
能力,Ｂ감,1
能力,욕망,1
能力,봉사,2
能力,성교,1
能力,레즈,3
能力,새드,1
能力,마조,1
能力,주량,8

経験,절정경험,5
経験,키스경험,10
経験,구음경험,7
経験,질내사정경험,3
経験,구강사정경험,3
経験,Ｖ성교경험,5
経験,이상경험,2

相性,26,140
相性,29,80
相性,30,80
相性,100,120
