番号,79
名前,하타테
呼び名,하타테

CSTR,0,히메카이도
CSTR,1,하타테
CSTR,3,하타테
CSTR,4,하타테
CSTR,5,히메카이도
CSTR,6,하타테
CSTR,7,하타테
CSTR,8,텐구
CSTR,99,하타테

基礎,체력,2300
基礎,기력,1300
基礎,정신력,2100

素質,성별,1
素質,성장형,6
素質,음모현재치,3
素質,음모목표치,3
素質,겨드랑이털현재치,3
素質,겨드랑이털목표치,3
素質,성적기호,2
素質,Ｖ조임,850
素質,Ａ조임,850
素質,머리색,0x8A2908
素質,머리길이,4
素質,체격,0
素質,체형,-1
素質,가슴크기,-1
素質,엉덩이크기,0
素質,처녀,1
素質,키스미경험,1
素質,솔직함,1
素質,호기심,1
素質,낙관적,1
素質,주목받기원함,1
素質,수치심옅음,1
素質,아픔에강함,1
素質,습득빠름,1
素質,악취민감,1
素質,Ｖ민감,1
素質,Ａ민감,1
素質,술못함,1
素質,애널처녀,1

能力,무투,59
能力,방위,54
能力,지략,60
能力,정치,60
能力,가창,31
能力,요리,5
能力,야심,44
能力,성지식,2
能力,Ｃ감,1
能力,Ｂ감,2
能力,욕망,2
能力,봉사,1
能力,자위,4
能力,주량,2

経験,절정경험,5

相性,32,90
相性,41,120
相性,146,80
相性,147,80
相性,148,80
