番号,33
名前,메디슨
呼び名,메디슨

CSTR,0,멜랑콜리
CSTR,1,메디슨
CSTR,3,메디슨
CSTR,4,메디슨
CSTR,5,멜랑콜리
CSTR,6,메디슨
CSTR,7,메디슨
CSTR,8,인형
CSTR,99,메디슨

基礎,체력,2100
基礎,기력,1300
基礎,정신력,1900

素質,성별,1
素質,성장형,2
素質,음모현재치,0
素質,음모목표치,0
素質,겨드랑이털현재치,0
素質,겨드랑이털목표치,0
素質,성적기호,8
素質,Ｖ조임,950
素質,Ａ조임,950
素質,머리색,0xFFFF00
素質,머리길이,3
素質,체격,-2
素質,체형,0
素質,가슴크기,-1
素質,엉덩이크기,-2
素質,처녀,1
素質,키스미경험,1
素質,겁쟁이,1
素質,반항적,1
素質,호기심,1
素質,젖기어려움,1
素質,쾌감에솔직,1
素質,중독하기쉽다,1
素質,남성혐오,1
素質,유치,1
素質,성명역전,1
素質,애널처녀,1

能力,무투,43
能力,방위,22
能力,지략,38
能力,정치,35
能力,가창,22
能力,요리,2
能力,야심,81
能力,성지식,0
能力,Ｃ감,1
能力,Ｂ감,1
能力,욕망,1
能力,새드,1
能力,주량,0

経験,이상경험,1

相性,14,50
相性,27,120
相性,28,120
相性,29,150
相性,66,110
相性,67,110
相性,88,110
相性,89,110
