番号,71
名前,나즈린
呼び名,나즈린

CSTR,1,나즈린
CSTR,3,나즈린
CSTR,4,나즈린
CSTR,6,나즈린
CSTR,7,나즈린
CSTR,8,요수
CSTR,99,나즈린

基礎,체력,2300
基礎,기력,1400
基礎,정신력,2800

素質,성별,1
素質,성장형,5
素質,음모현재치,2
素質,음모목표치,2
素質,겨드랑이털현재치,1
素質,겨드랑이털목표치,1
素質,성적기호,11
素質,Ｖ조임,750
素質,Ａ조임,950
素質,머리색,0xBDBDBD
素質,머리길이,3
素質,체격,-1
素質,체형,0
素質,가슴크기,-1
素質,엉덩이크기,-1
素質,프라이드높음,1
素質,호기심,1
素質,고고함,1
素質,습득빠름,1
素質,자위하기쉬움,1
素質,불결무시,1
素質,Ｓ기질,1
素質,Ｃ민감,1
素質,Ｂ민감,1
素質,동물귀,1
素質,꼬리,1
素質,애널처녀,1
素質,행운,1

能力,무투,24
能力,방위,69
能力,지략,71
能力,정치,73
能力,가창,34
能力,요리,33
能力,야심,54
能力,성지식,3
能力,Ｃ감,2
能力,Ｖ감,1
能力,Ａ감,1
能力,Ｍ감,1
能力,성기술,2
能力,봉사,1
能力,레즈,1
能力,자위,1
能力,새드,1
能力,주량,3

経験,절정경험,10
経験,키스경험,8
経験,구음경험,4
経験,질내사정경험,6
経験,구강사정경험,2
経験,Ｖ성교경험,10

相性,13,50
相性,62,50
相性,76,200
相性,77,120
