番号,100
名前,스미레코
呼び名,스미레코

CSTR,0,우사미
CSTR,1,스미레코
CSTR,3,스미레코
CSTR,4,스미레코
CSTR,5,우사미
CSTR,6,스미레코
CSTR,7,스미레코
CSTR,8,인간
CSTR,99,스미레코

基礎,체력,2300
基礎,기력,1300
基礎,정신력,2200

素質,성별,1
素質,성장형,2
素質,음모현재치,5
素質,음모목표치,5
素質,겨드랑이털현재치,1
素質,겨드랑이털목표치,1
素質,성적기호,10
素質,Ｖ조임,850
素質,Ａ조임,850
素質,머리색,0x61210B
素質,머리길이,4
素質,체격,0
素質,체형,0
素質,가슴크기,0
素質,엉덩이크기,0
素質,처녀,1
素質,키스미경험,1
素質,꿋꿋함,1
素質,프라이드높음,1
素質,거만함,1
素質,호기심,1
素質,낙관적,1
素質,주목받기원함,1
素質,수치심옅음,1
素質,아픔에강함,1
素質,습득빠름,1
素質,자위하기쉬움,1
素質,중독하기쉽다,1
素質,도착적,1
素質,Ｖ민감,1
素質,애널처녀,1

能力,무투,61
能力,방위,58
能力,지략,73
能力,정치,60
能力,가창,27
能力,요리,21
能力,야심,74
能力,성지식,2
能力,Ｃ감,1
能力,Ｂ감,2
能力,Ｍ감,1
能力,욕망,2
能力,봉사,1
能力,레즈,1
能力,노출,2
能力,주량,1
能力,최면,1

経験,절정경험,2

相性,1,120
相性,31,150
相性,49,200
相性,98,120
