番号,45
名前,서니밀크
呼び名,서니밀크

CSTR,1,서니밀크
CSTR,3,서니밀크
CSTR,4,서니밀크
CSTR,6,서니밀크
CSTR,7,서니밀크
CSTR,8,요정
CSTR,98,서니
CSTR,99,서니밀크

基礎,체력,2200
基礎,기력,1200
基礎,정신력,1700

素質,성별,1
素質,성장형,0
素質,음모현재치,0
素質,음모목표치,0
素質,겨드랑이털현재치,0
素質,겨드랑이털목표치,0
素質,성적기호,8
素質,Ｖ조임,950
素質,Ａ조임,950
素質,머리색,0xFACC2E
素質,머리길이,3
素質,체격,-2
素質,체형,0
素質,가슴크기,-1
素質,엉덩이크기,-2
素質,처녀,1
素質,키스미경험,1
素質,호기심,1
素質,낙관적,1
素質,해방,1
素質,아픔에강함,1
素質,Ｂ민감,1
素質,유치,1
素質,애널처녀,1

能力,무투,26
能力,방위,34
能力,지략,16
能力,정치,21
能力,가창,16
能力,요리,31
能力,야심,46
能力,성지식,0
能力,Ｃ감,1
能力,레즈,2
能力,주량,0


相性,1,150
相性,5,120
相性,46,150
相性,47,150
相性,136,110
