番号,143
名前,네무노
呼び名,네무노

CSTR,0,사카타
CSTR,1,네무노
CSTR,3,네무노
CSTR,4,네무노
CSTR,5,사카타
CSTR,6,네무노
CSTR,7,네무노
CSTR,8,요괴
CSTR,99,네무노

基礎,체력,2700
基礎,기력,1900
基礎,정신력,2700

素質,성별,1
素質,성장형,4
素質,음모현재치,6
素質,음모목표치,6
素質,겨드랑이털현재치,5
素質,겨드랑이털목표치,5
素質,성적기호,10
素質,Ｖ조임,550
素質,Ａ조임,850
素質,머리색,0xb8dbed
素質,머리길이,6
素質,체격,1
素質,체형,1
素質,가슴크기,1
素質,엉덩이크기,2
素質,애널처녀,1
素質,꿋꿋함,1
素質,무관심,1
素質,정조관념없음,1
素質,헌신적,1
素質,Ｖ민감,1
素質,Ｍ둔감,1

能力,무투,76
能力,방위,42
能力,지략,45
能力,정치,27
能力,가창,27
能力,요리,45
能力,야심,57
能力,성지식,3
能力,Ｖ감,3
能力,Ａ감,2
能力,Ｂ감,1
能力,Ｍ감,1
能力,욕망,3
能力,성기술,2
能力,봉사,2
能力,성교,2
能力,노출,1
能力,정애,1
能力,마조,1
能力,주량,4

経験,절정경험,10
経験,키스경험,2
経験,구음경험,3
経験,질내사정경험,8
経験,구강사정경험,1
経験,Ｖ성교경험,12
経験,임신경험,4
経験,출산경험,3

相性,5,120
相性,32,80
