番号,50
名前,마에리베리
呼び名,마에리베리

CSTR,0,한
CSTR,1,마에리베리
CSTR,3,마에리베리
CSTR,4,마에리베리
CSTR,5,한
CSTR,6,마에리베리
CSTR,7,마에리베리
CSTR,8,인간
CSTR,98,메리
CSTR,99,마에리베리

基礎,체력,2400
基礎,기력,1200
基礎,정신력,2200

素質,성별,1
素質,성장형,2
素質,음모현재치,6
素質,음모목표치,6
素質,겨드랑이털현재치,6
素質,겨드랑이털목표치,6
素質,성적기호,4
素質,Ｖ조임,450
素質,Ａ조임,550
素質,머리색,0xFFFF00
素質,머리길이,5
素質,체격,0
素質,체형,2
素質,가슴크기,1
素質,엉덩이크기,2
素質,호기심,1
素質,낙관적,1
素質,선을넘지않음,1
素質,수줍음,1
素質,아픔에약함,1
素質,습득빠름,1
素質,악취민감,1
素質,도착적,1
素質,매혹,1
素質,Ｂ민감,1
素質,술못함,1
素質,성명역전,1
素質,애널처녀,1

能力,무투,11
能力,방위,12
能力,지략,76
能力,정치,56
能力,가창,25
能力,요리,24
能力,야심,47
能力,성지식,3
能力,Ｖ감,2
能力,Ａ감,1
能力,Ｂ감,2
能力,욕망,1
能力,성기술,1
能力,봉사,1
能力,성교,1
能力,레즈,2
能力,마조,2
能力,주량,3

経験,절정경험,10
経験,Ｖ성교경험,1
経験,이상경험,1

相性,49,200
