番号,103
名前,미마
呼び名,미마

CSTR,1,미마
CSTR,3,미마
CSTR,4,미마
CSTR,6,미마
CSTR,7,미마
CSTR,8,악령
CSTR,99,미마

基礎,체력,2700
基礎,기력,1600
基礎,정신력,2800

素質,성별,1
素質,성장형,1
素質,음모현재치,5
素質,음모목표치,5
素質,겨드랑이털현재치,4
素質,겨드랑이털목표치,4
素質,성적기호,5
素質,Ｖ조임,550
素質,Ａ조임,550
素質,머리색,0x007042
素質,머리길이,5
素質,체격,1
素質,체형,0
素質,가슴크기,1
素質,엉덩이크기,0
素質,꿋꿋함,1
素質,프라이드높음,1
素質,낙관적,1
素質,아픔에강함,1
素質,악취둔감,1
素質,바이,1
素質,매혹,1
素質,Ｂ민감,1
素質,캐릭터구분,1
素質,애널처녀,1

能力,무투,80
能力,방위,59
能力,지략,67
能力,정치,59
能力,가창,23
能力,요리,21
能力,야심,67
能力,성지식,3
能力,Ｖ감,1
能力,Ｂ감,3
能力,욕망,3
能力,성교,1
能力,정애,1
能力,새드,1
能力,주량,4

経験,절정경험,2
経験,키스경험,1
経験,구음경험,1
経験,Ｖ성교경험,3

相性,1,120
相性,2,150
相性,34,80
