番号,37
名前,시즈하
呼び名,시즈하

CSTR,0,아키
CSTR,1,시즈하
CSTR,3,시즈하
CSTR,4,시즈하
CSTR,5,아키
CSTR,6,시즈하
CSTR,7,시즈하
CSTR,8,신
CSTR,99,시즈하

基礎,체력,2400
基礎,기력,1400
基礎,정신력,2200

素質,성별,1
素質,성장형,8
素質,음모현재치,3
素質,음모목표치,3
素質,겨드랑이털현재치,2
素質,겨드랑이털목표치,2
素質,성적기호,2
素質,Ｖ조임,550
素質,Ａ조임,550
素質,머리색,0xFFBF00
素質,머리길이,4
素質,체격,0
素質,체형,0
素質,가슴크기,0
素質,엉덩이크기,-1
素質,얌전함,1
素質,비관적,1
素質,정조관념,1
素質,억압,1
素質,매혹,1
素質,수수께끼의매력,1
素質,회복빠름,1
素質,애널처녀,1

能力,무투,21
能力,방위,51
能力,지략,40
能力,정치,51
能力,가창,41
能力,요리,20
能力,야심,24
能力,성지식,2
能力,Ｃ감,1
能力,Ｖ감,1
能力,Ｂ감,2
能力,욕망,1
能力,성기술,1
能力,봉사,1
能力,레즈,2
能力,자위,1
能力,주량,3

経験,키스경험,5
経験,Ｖ성교경험,3

相性,38,150
