番号,3
名前,루미아
呼び名,루미아

CSTR,1,루미아
CSTR,3,루미아
CSTR,4,루미아
CSTR,6,루미아
CSTR,7,루미아
CSTR,8,요괴
CSTR,99,루미아

基礎,체력,2500
基礎,기력,1300
基礎,정신력,2200

素質,성별,1
素質,성장형,0
素質,음모현재치,1
素質,음모목표치,1
素質,겨드랑이털현재치,2
素質,겨드랑이털목표치,2
素質,성적기호,8
素質,Ｖ조임,750
素質,Ａ조임,850
素質,머리색,0xFFFF00
素質,머리길이,4
素質,체격,-2
素質,체형,0
素質,가슴크기,-1
素質,엉덩이크기,0
素質,처녀,1
素質,키스미경험,1
素質,프라이드낮음,1
素質,호기심,1
素質,정조관념없음,1
素質,수치심옅음,1
素質,자위하기쉬움,1
素質,쾌감에솔직,1
素質,유치,1
素質,애널처녀,1

能力,무투,35
能力,방위,30
能力,지략,14
能力,정치,18
能力,가창,18
能力,요리,8
能力,야심,39
能力,성지식,2
能力,Ｃ감,1
能力,Ａ감,1
能力,Ｂ감,1
能力,Ｍ감,1
能力,욕망,2
能力,성기술,1
能力,노출,2
能力,새드,2
能力,주량,2


相性,5,120
相性,24,120
相性,25,120
