番号,83
名前,청아
呼び名,청아

CSTR,0,곽
CSTR,1,청아
CSTR,3,청아
CSTR,4,청아
CSTR,5,곽
CSTR,6,청아
CSTR,7,청아
CSTR,8,신선
CSTR,99,청아

基礎,체력,2200
基礎,기력,2000
基礎,정신력,2400

素質,성별,1
素質,성장형,2
素質,음모현재치,8
素質,음모목표치,8
素質,겨드랑이털현재치,4
素質,겨드랑이털목표치,4
素質,성적기호,4
素質,Ｖ조임,650
素質,Ａ조임,650
素質,머리색,0x01A9DB
素質,머리길이,4
素質,체격,0
素質,체형,1
素質,가슴크기,1
素質,엉덩이크기,1
素質,프라이드높음,1
素質,자제심,1
素質,호기심,1
素質,낙관적,1
素質,주목받기원함,1
素質,수치심옅음,1
素質,불결무시,1
素質,도착적,1
素質,소악마,1
素質,Ｖ민감,1
素質,Ａ민감,1
素質,Ｍ민감,1
素質,요술지식,1
素質,애널처녀,1

能力,무투,56
能力,방위,60
能力,지략,70
能力,정치,77
能力,가창,45
能力,요술,18
能力,요리,45
能力,야심,76
能力,성지식,4
能力,Ｃ감,1
能力,Ｖ감,3
能力,Ｂ감,2
能力,Ｍ감,2
能力,욕망,3
能力,성기술,3
能力,봉사,1
能力,성교,2
能力,레즈,2
能力,노출,2
能力,정애,2
能力,새드,4
能力,마조,3
能力,주량,4

経験,질내사정경험,3
経験,Ｖ성교경험,6

相性,82,200
相性,86,150
